date,source,title
2022-02-24,usa-today,"Satellite images, surveillance footage, social media posts show the latest on the war in Ukraine"
2022-02-25,the-times-of-india,"Stuck in Ukraine, K'taka students running out of food"
2022-02-27,usa-today,KSW announces 'ethically justifiable' decision to cancel Russian fighter's bout amid invasion of Ukraine
2022-02-28,cbs-news,Ukrainian refugees flee to neighboring countries
2022-03-02,unknown,Why has the reaction to Putin’s Ukraine invasion been so strong? Part one: the lead-up
2022-03-03,unknown,'Hard not to assume the worst.' SLU soccer player calls father daily in Ukraine
2022-03-05,unknown,'Are We Your Slaves?' Imran Khan Slams West's Demands to Condemn Russia Over Spec Op in Ukraine
2022-03-07,unknown,"Live updates: Zelenskyy thanks US, UK for oil import ban"
2022-03-08,fox-news,Ukraine's 'cellar violinist' plays on as she shelters from bombs
2022-03-10,unknown,[Comment] Meeting the health challenges of displaced populations from Ukraine
2022-03-11,unknown,Russia intensifies strikes around Kyiv as it warns US against arming Ukraine - CNN
2022-03-13,unknown,Marine Corps intelligence officer discusses Russia-Ukraine war
2022-03-15,unknown,Live updates: Ukraine’s military says it hit Kherson airport
2022-03-16,unknown,"US citizen killed in Ukraine while waiting in bread line, family says"
2022-03-18,unknown,Syrians join Russian ranks in Ukraine as Putin calls in Assad's debt (Martin Chulov/The Guardian)
2022-03-19,unknown,"Japan's Kishida, India's Modi Discuss Response to Ukraine Crisis"
2022-03-21,unknown,The Threat of Russian Cyberattacks Looms Large
2022-03-22,unknown,Russia blocks Google News
2022-03-24,unknown,"Near the Ukrainian border, Biden sees refugee crisis in Poland"
2022-03-26,marca,Donation of millions of cryptocurrencies keeps Ukraine on its feet
2022-03-27,unknown,"Ukraine Says 5,000 Dead In ""Catastrophic"" Mariupol Siege"
2022-03-29,unknown,Cracks widen in eurozone economy as war in Ukraine rages on
2022-03-30,unknown,History Should Be Our Guide in Ukraine
2022-04-01,the-washington-post,Russia pulls back from battered Kyiv region in major shift of war to east
2022-04-03,unknown,"Good Afternoon, News: Old-Timey Audits vs. New-Timey Programs, Putin Busted for War Crimes, and US Snatches Another Oligarch Yacht"
2022-04-04,the-washington-post,"As Ukraine war drags on, Pentagon makes long-term plans for Europe"
2022-04-06,unknown,Zelenskyy ‘Florida Villa’ Rumor Goes Viral During War with Russia
2022-04-07,unknown,World cannot look away from Putin’s latest atrocity
2022-04-09,unknown,Ukrainian defenders dig in as Russia boosts firepower
2022-04-10,unknown,"Russia readies for major assault on eastern Ukraine, beginning 'second chapter' of war"
2022-04-12,cbs-news,See how the U.S. is shipping javelins to Ukraine
2022-04-14,bbc-news,The Papers: Rwanda plan 'will fail' and 'SAS train Kyiv forces'
2022-04-15,breitbart-news,Polish Ambassador to U.S.: Zelensky Is ‘The Leader of the Free World Right Now’
2022-04-17,fox-news,"‘A Real Signal That They Can Fight’, Gen. Keith Kellogg On Ukrainian Forces Sinking Russian Warship"
2022-04-18,unknown,German wildlife park renames 'Putin' the boar
2022-04-20,unknown,Live updates | Zelenskyy thanks US for $800M in military aid
2022-04-22,unknown,Ukraine battered again; Zelenskyy says US officials to visit
2022-04-23,unknown,Top U.S. officials meet Volodymyr Zelenskyy in show of solidarity with Ukraine
2022-04-25,unknown,"Russia Cutting Gas To Poland, Bulgaria As Ukraine Tensions Deepen"
2022-04-26,unknown,"Russia coordinating cyberattacks with military strikes in Ukraine, Microsoft says"
2022-04-28,unknown,"Apparently Russia's war on Ukraine is good for business, it nearly doubled its fossil-fuel revenues [Interesting]"
2022-04-30,cbs-news,Evacuation begins of Ukranians trapped at steel mill
2022-05-01,unknown,"EU may offer Hungary, Slovakia exemptions from Russian oil embargo"
2022-05-03,unknown,S&Ds: Ukrainian women fleeing the war must not fall into the hands of traffickers
2022-05-04,unknown,Most Russian Black Sea Fleet warships are back in Sevastopol Bay
2022-05-06,axios,Zelensky outlines Ukraine's peace-talk demands for Russia - Axios
2022-05-07,unknown,'One man's war': U2 rock stars hit Putin in Kyiv bomb shelter
2022-05-09,unknown,Live updates | US senators meet with Ukraine’s ambassador | #cybersecurity | #cyberattack | #cybersecurity | #infosecurity | #hacker
2022-05-11,unknown,U.S. sanctions on Russia hurt Europe much more than Moscow
2022-05-12,unknown,NATO Expansion in Focus as Blinken Travels to Europe for Talks on Russia-Ukraine War
2022-05-14,cbs-news,Bellingcat's path to tracking Russia's invasion of Ukraine
2022-05-15,unknown,S&Ds push for lifting import duties on Ukrainian products as act of solidarity
2022-05-17,unknown,"Ukraine invasion could cause global food crisis, UN warns - BBC"
2022-05-19,unknown,Biden must force feckless WHO to hold Russia accountable for devastating Ukraine’s health facilities
2022-05-20,unknown,"Russia may swop Ukraine prisoners for Putin ally, says negotiator"
2022-05-22,bbc-news,"Russian diplomat resigns, slams Putin’s invasion"
2022-05-23,cbs-news,CBS News crew takes cover from Russian shelling
2022-05-25,unknown,Ukraine's Zelensky complains about EU divisions over new Russia sanctions
2022-05-26,unknown,"Ukrainian PM, German development minister discuss Ukraine's post-conflict recovery"
2022-05-28,unknown,Second charter flight carrying Ukrainians bound for Canada lands in Montreal - Canada News - Castanet.net
2022-05-30,unknown,"The EU Council is neglecting the impact of the Ukraine war for European citizens, says Iratxe García"
2022-05-31,unknown,Soccer great Pelé urges Putin to stop war in Ukraine
2022-06-02,unknown,How World Central Kitchen Makes Millions of Meals in Ukraine
2022-06-03,unknown,Ukraine players gifted flag by soldiers ahead of Wales showdown
2022-06-05,unknown,Russia’s Ancient T-62 Tanks Are On The Move In Ukraine
2022-06-07,unknown,Kremlin Declares “Land Bridge” Complete From Western Russia To Donbas To Crimea
2022-06-08,unknown,Russian Radio Station Hacked to Broadcast Ukrainian National Anthem
2022-06-10,usa-today,Breakdown of $53B aid package to Ukraine
2022-06-11,unknown,Pro-Russian Separatists Uphold Foreigners' Death Sentences
2022-06-13,unknown,Zelensky Says Donbas Battle Will Determine Course Of War
2022-06-15,unknown,"Europe offers Ukraine a hope of joining the EU, but not a vast arsenal"
2022-06-16,unknown,Russian TV shows videos of 2 US vets captured in Ukraine
2022-06-18,unknown,Russia claims Ukrainian generals killed in missile strike — as it happened
2022-06-19,fox-news,Ben Stiller meets with Ukraine President Volodymyr Zelenskyy as a UNHCR Goodwill Ambassador
2022-06-21,unknown,Russia-Ukraine war: Ukraine expects EU-wide support for candidacy to join bloc
2022-06-22,unknown,President Authorizes Another $450 Million Drawdown to Support Ukraine
2022-06-24,unknown,"Zelenskyy says Ukraine will win back lost cities, admits war is tough to bear"
2022-06-26,unknown,At least 16 killed in missile strike on crowded Ukrainian mall
2022-06-27,unknown,Macron says Russia can't win in Ukraine after strike on mall - CTV News
2022-06-29,unknown,"Ukraine drives Russian forces from Snake Island, a setback for Moscow"
2022-06-30,unknown,"Plans to Rebuild Ukraine Should Address Environment, EU Commissioner Says"
2022-07-02,unknown,Russia Claims Control of Luhansk as Ukrainian Forces Retreat From Lysychansk - The Wall Street Journal
2022-07-04,cbc-news,NHL teams weigh risks of selecting Russian prospects as war in Ukraine continues
2022-07-05,unknown,Ukraine’s herculean task: helping millions whose homes are in ruins or Russia’s hands
2022-07-07,unknown,"Jaishankar meets Lavrov, Blinken on sidelines of G-20, talks Ukraine"
2022-07-08,unknown,Ukraine dismisses its ambassador to Germany after controversial remarks
2022-07-10,the-washington-post,Russian strikes kill at least three in Kharkiv and injure dozens
2022-07-11,unknown,White House accuses Iran of gifting 'several hundred' drones to Russia
2022-07-13,unknown,Germany earmarks additional 2.4 billion eur this year for Ukraine refugee relief
2022-07-15,the-washington-times,Cargo plane operated by Ukraine carrier crashes in Greece
2022-07-16,unknown,"Ukraine’s, Moldova’s EU Candidate Status Part of Anti-Russian ‘Gambit’"
2022-07-18,nbc-news,White House says Russia is plotting to annex more Ukrainian territory
2022-07-19,unknown,Ukrainian Refugees Forced to Escape to Enemy Soil in Russia
2022-07-21,unknown,Deal between Ukraine and Russia aims to ease global food crisis
2022-07-23,unknown,Moldova’s Prime Minister Is ‘Very Worried’ About a Potential Russian Invasion
2022-07-24,unknown,"Guatemala’s president visits Ukraine, expresses solidarity"
2022-07-26,unknown,Biden Offers To Exchange Convicted Russian Arms Dealer For The Release Of Brittney Griner
2022-07-27,the-times-of-india,A new bench of traders muscle in to supply Russian oil to India
2022-07-29,unknown,"Russia Invites UN, Red Cross To Probe Jail Deaths Of Ukrainian Prisoners"
2022-07-31,bloomberg,Hope for Ukraine grain exports and Europe sizzles: Supply lines
2022-08-01,cbs-news,Ex-Laker puts NBA championship rings up for auction to help Ukraine
2022-08-03,unknown,"Canada capitulated to ‘blackmail’ by sending gas turbines for Russia’s use, Ukrainian reps tell MPs"
2022-08-04,unknown,Ukrainian soldiers come to Minnesota for prosthetics — and hope
2022-08-06,unknown,"Ukraine power plant shelled again, Zelenskyy rails at Russian 'nuclear terror'"
2022-08-07,unknown,War brings desperation and danger to Ukraine's farmers — and the world feels the pain
2022-08-09,fox-news,"China touts relationship with Russia, accuses US of being 'main instigator of the Ukrainian crisis'"
2022-08-11,unknown,Vessel to collect first humanitarian wheat shipment under Ukraine grain deal
2022-08-12,unknown,Russia blocking access to medicines - Ukraine's health minister
2022-08-14,cbc-news,"Value of frozen Russian assets, transactions rose by less than $1M after 2 more months of sanctions"
2022-08-15,newsweek,Zelensky Reveals Why He Didn't Warn His Citizens of Russian Invasion
2022-08-17,newsweek,Russia's 'Bad Strategy' Leading to Embarrassing Defeats: Admiral Stavridis
2022-08-19,unknown,US Open tennis stars set to raise relief funds for Ukraine
2022-08-20,unknown,Zelensky warns Russia might put Ukraine soldiers on trial as Kyiv marks independence
2022-08-22,the-irish-times,The Irish Times view on the Ukraine war: preparing for a long winter
2022-08-23,time,U.S. Goes in for the Long-Haul With Latest Ukraine War Aid
2022-08-25,unknown,Zelensky calls for ‘international pressure’ to take back Ukrainian nuclear plant
2022-08-26,unknown,"Slovakia's neighbors to patrol its skies, freeing MiG jets for Ukraine"
2022-08-28,unknown,Russia struggles to recruit soldiers for Ukraine: Pentagon
2022-08-30,unknown,"News Wrap: FDA authorizes omicron boosters, inspectors head to Ukraine nuclear plant"
2022-08-31,unknown,[Correspondence] Conflict-related sexual violence in Ukraine: insight from the field
2022-09-02,next-big-future,Ukraine Needs to Take Kherson by end of October
2022-09-03,unknown,"Zelenskiy says Ukraine takes three settlements in south, east"
2022-09-05,unknown,"Russia sanctions 25 more Americans, including Sean Penn, Ben Stiller"
2022-09-07,unknown,Russia and US clash over Western weapons for Ukraine
2022-09-08,unknown,"Russian Army suffered heavy losses, Ukrainian Army recaptured more than 1,000 sq km of land & 20 Villages"
2022-09-10,unknown,Russia weaponizes nuclear plant
2022-09-11,unknown,"Ukraine reclaims more territory, reports capturing many POWs"
2022-09-13,cbs-news,Zelenskyy makes surprise visit to recaptured towns
2022-09-15,unknown,"Friday, September 16. Russia’s War On Ukraine: News And Information From Ukraine"
2022-09-16,cbs-news,EU head calls for war crimes tribunal over mass graves in Ukraine
2022-09-18,unknown,Russian pop star's war criticism stirs vigorous debate
2022-09-19,unknown,"At UN, Spotlight on Global Consequences of Russia’s War"
2022-09-21,unknown,N.Korea Denies Selling Weapons to Russia
2022-09-22,bbc-news,Undercover with Russia’s fake arms dealers
2022-09-24,unknown,"Lyman, A Supply Hub In Eastern Ukraine, Is The Last Place A Russian Soldier Wants To Be Right Now"
2022-09-26,unknown,"Trump warns of possible World War III over Ukraine, Taiwan"
2022-09-27,unknown,The U.S. and Europe are running out of weapons to send to Ukraine
2022-09-29,unknown,Ukraine - Four Oblasts Join Russia
2022-09-30,unknown,"German Defense Minister Visits Odesa, Promises Delivery Of Air-Defense System"
2022-10-02,unknown,Superyacht linked to sanctioned Russian billionaire on sale for $41m
2022-10-04,unknown,Should the West seek an off-ramp in Ukraine?
2022-10-05,unknown,Ukraine regains 150 miles of land in expanding counteroffensive; Russia blames NATO for nuclear rhetoric: Live updates - USA TODAY
2022-10-07,unknown,IAEA says creating a nuclear safety zone around Ukrainian power plant is 'urgent imperative' - Insider
2022-10-08,unknown,"Putin Blames Ukraine For Crimea Bridge Blast, Calls It A ""Terrorist Act"""
2022-10-10,business-insider,Russia is scraping the bottom of the manpower barrel in order to hold off Ukraine's advance
2022-10-11,unknown,"SHOCKER: 90,000 'Irrecoverable' Russian Losses in Ukraine"
2022-10-13,unknown,Elon Musk: SpaceX can't fund Ukraine's vital Starlink internet indefinitely
2022-10-15,rt,Losing is not an option for Putin – ex-Austrian leader
2022-10-16,unknown,Exxon fully withdraws from Russia after Putin seizes assets
2022-10-18,unknown,Russians who fled to avoid fighting in Ukraine reflect on their new lives
2022-10-19,unknown,"Iranian trainers on the ground helped Russia with Ukraine drone attacks, U.S. says"
2022-10-21,unknown,Ukraine plane engine builder head held on treason charges – media
2022-10-23,unknown,Ukraine’s ‘Marshall Plan’ – Berlin gathering weighs $750 billion rebuilding
2022-10-24,unknown,"Three inquiries, but no answers to who blew holes in Nord Stream pipelines"
2022-10-26,fox-news,Putin accuses US of escalating tensions
2022-10-27,unknown,Russia's Putin says he won't use nuclear weapons in Ukraine - KSL.com
2022-10-29,unknown,'Weaponizing food': Outrage grows over Russia's suspension of grain deal with Ukraine. Live updates. - USA TODAY
2022-10-31,unknown,Pentagon says U.S. troops on the ground in Ukraine
2022-11-01,unknown,"Wednesday, November 2. Russia’s War On Ukraine: News And Information From Ukraine"
2022-11-03,unknown,China opposes Russia using nuclear weapons against Ukraine
2022-11-04,unknown,"Iran admits sending drones to Russia, but Kyiv says Tehran is still lying"
2022-11-06,the-washington-post,Russia's heavy casualties in Ukraine spark outcry and rare official response
2022-11-07,unknown,"1,300 of Ukrainian military's SpaceX Starlink terminals went offline due to funding shortfall: report"
2022-11-09,unknown,"Ukrainian forces cautiously advance into Kherson, fearing a trap as Russian troops retreat"
2022-11-11,cbc-news,Banksy unveils mural in war-scarred Ukrainian town
2022-11-12,rt,Scholz hopes Putin will change his mind on attending G20
2022-11-14,unknown,"White House requests $37.7 billion in new Ukraine funding, $10 billion for Covid relief"
2022-11-15,unknown,West criticizes Russia at U.N. for Ukraine war after missile crash in Poland
2022-11-17,unknown,Putin’s ‘Hunky-Dory’ Act Flops as Frantic Russians Flee Crimea
2022-11-19,unknown,Explosions Shake Ukraine's Zaporizhzhia Nuclear Power Plant
2022-11-20,unknown,Iran And Russia Reportedly Ink Drone Production Deal For Ukraine War
2022-11-22,unknown,"Russia Says It Has Faith In ""Success"" Of Ukraine Offensive"
2022-11-23,unknown,Europe has labelled Russia a state sponsor of terror. What next? - Al Jazeera English
2022-11-25,abc-news-au,Why the West's 'weak' response to a forgotten war 'emboldened' Putin in Ukraine
2022-11-26,unknown,Putin’s war empties arsenal of 20 NATO nations after U.S.
2022-11-28,unknown,Ukraine urges Nato to speed up weapons deliveries following Russian strikes on energy grid
2022-11-30,unknown,Biden Willing to Talk to Putin About Ukraine
2022-12-01,unknown,Group try to steal Banksy mural from wall in battle-scarred Ukrainian town
2022-12-03,unknown,U.S. intel chief thinking 'optimistically' for Ukraine forces
2022-12-04,the-washington-post,Explosions hit two bases in Russia as Moscow fires new missile barrage
2022-12-06,unknown,Zelenskyy predicts ‘peacetime’ next year as Putin warns war will be ‘long process’
2022-12-08,unknown,Commentary: Four fronts in Ukraine-Russia war to look out for as winter bites
2022-12-09,unknown,Turkey oil tanker logjam snarls Russia oil sanctions
2022-12-11,unknown,Ukraine again presses West for advanced weapons
2022-12-12,unknown,U.S. Eyes Giving Ukraine Patriot Missile Defense Systems
2022-12-14,unknown,Exploding Gift From Ukraine Injures Poland's Police Chief
2022-12-16,unknown,Russia launches another widespread missile attack on Ukraine - Al Jazeera English
2022-12-17,the-washington-post,Pussy Riot Has Been Sounding The Alarm About Putin For More Than A Decade
2022-12-19,unknown,Zelensky Planning Surprise D.C. Visit To Address Congress
2022-12-20,cbs-news,Special Report: Biden and Zelenskyy hold joint press conference on war in Ukraine
2022-12-22,unknown,Bosnian Children Send Gifts to Ukrainian Children
2022-12-23,unknown,"Associated Press: Shells pummel Ukraine’s Kherson; 10 dead, 55 wounded"
2022-12-25,unknown,Ukraine’s Zelenskiy: Situation at the front is “difficult and painful”
2022-12-27,unknown,News Wrap: Zelenskyy tells Ukrainians their resistance to Russia inspires the world
2022-12-28,unknown,Russia 'Struggling to Counter Air Threats' on Its Own Territory: U.K
2022-12-30,unknown,"BREAKING: Explosions reported in Kursk, Belgorod, Voronezh and Rostov moments ago."
2022-12-31,al-jazeera-english,Renewed Russian attacks mark Ukraine’s grim start to 2023
2023-01-02,cbc-news,Hiring agency for displaced Ukrainians born from Manitoba businessman's staffing needs
2023-01-04,unknown,Russian war crimes must be judged
2023-01-05,unknown,Vladimir Putin Orders Children As Young As Four To March In Military Uniforms In Desperate Bid To Drum Up Support For Ukraine War
2023-01-07,unknown,Ukraine rejects Russian claim of devastating 'retaliatory strike'
2023-01-08,unknown,Russia launches criminal probes of prominent Kremlin critics
2023-01-10,fortune,Falling Russian fossil fuel revenues could deal a lethal blow to Putin's war machine
2023-01-11,unknown,War in Ukraine: Now for the good news ...
2023-01-13,unknown,"Wave of Russian attacks target Ukraine civilians, power grid"
2023-01-15,unknown,Secretary-General Strongly Condemns Lethal Missile Attack on Ukraine Residences
2023-01-16,unknown,Russia’s commissioner denies talks on large prisoner exchange with Ukraine
2023-01-18,unknown,U.S. announces $2.5 billion in military assistance for Ukraine
2023-01-19,bbc-news,No German tanks for Ukraine
2023-01-21,rt,NATO nation denies involvement in Crimean Bridge attack
2023-01-23,unknown,"US and Germany set to send tanks to Ukraine, breaking deadlock"
2023-01-24,unknown,"Putin is losing the war in Ukraine, but winning the battle at home"
2023-01-26,unknown,"Friday, January 27. Russia’s War On Ukraine: Daily News And Information From Ukraine"
2023-01-27,unknown,"Saturday, January 28. Russia’s War On Ukraine: Daily News And Information From Ukraine"
2023-01-29,unknown,Biden rejects Zelensky's pleas for coveted F-16 fighter jets
2023-01-31,rt,Erdogan comments on tanks for Ukraine
2023-02-01,unknown,"Germany approves Leopard 1 delivery to Ukraine, in talks with Qatar over Gepards -newspaper | Health"
2023-02-03,unknown,"Ukraine, Russia swap prisoners"
2023-02-04,unknown,"Ukraine to replace defence minister after corruption scandals, says senior MP"
2023-02-06,unknown,Ukraine Could Get 237 Leopard 1A5 Tanks
2023-02-07,unknown,"Ukraine's Zelenskyy tells France, Germany to provide 'game changing' weapons"
2023-02-09,bloomberg,Ukraine Credit Rating Cut by Moody's on 'Likely' Restructuring
2023-02-11,unknown,What Are Gepard Panzers? German Anti-Aircraft Tanks Sent to Ukraine (confirmed drone killers)
2023-02-12,unknown,NATO Chief Urges Faster Ammunition Production for Ukraine
2023-02-14,unknown,"Ukraine war shows urgency of military AI, Palantir CEO says"
2023-02-15,unknown,Biden's war crime against Russia … and Germany!
2023-02-17,unknown,US: Russia has committed crimes against humanity in Ukraine
2023-02-19,unknown,Biden shows solidarity with Ukraine in surprise visit ahead of invasion anniversary
2023-02-20,unknown,China president to visit Putin as Russia's war in Ukraine rages on
2023-02-22,unknown,China Reportedly Negotiating with Russia To Supply Kamikaze Drones
2023-02-23,unknown,Zelenskyy supports China's new stance on Ukraine
2023-02-25,breitbart-news,Treasury Secretary Janet Yellen Says U.S. Will Provide $10B to Ukraine in 'Coming Months'
2023-02-26,unknown,Video shows Russian T-72 drive into minefield littered with abandoned tanks
2023-02-28,unknown,Marjorie Taylor Greene and Mike Lee spread anti-Ukraine disinformation with edited video
2023-03-02,unknown,"The BTR-50P Was The Soviet Army’s Main Fighting Vehicle ... In 1954. Now It’s Back, Replacing Russian Losses In Ukraine."
2023-03-03,unknown,Civilians flee embattled town as Ukrainian pullout looms
2023-03-05,unknown,Zelenskyy vows not to retreat from Ukrainian city of Bakhmut
2023-03-06,unknown,Ukraine heads into season of advantage over Russia
2023-03-08,bbc-news,UN: Russian shelling near Ukraine nuclear plant risks 'disaster'
2023-03-10,unknown,"Russian shelling kills Kherson residents, Zelenskyy denounces 'terrorist attacks'"
2023-03-11,unknown,"Swiss President Defends Neutrality, Ukraine Arms Ban"
2023-03-13,unknown,Moscow Ramps Up Pressure on Radio Free Europe/Radio Liberty
2023-03-14,unknown,Is Bakhmut a sign Putin's learning from his military mistakes?
2023-03-16,the-hill,Biden: International Criminal Court ‘justified’ in issuing arrest warrant for Putin
2023-03-18,unknown,"Ahead Of Xi Jinping's Visit, Putin Thanks China For Its Ukraine Stance"
2023-03-19,unknown,EU gives Ukraine €2bn of ammunition after shell plea - BBC
2023-03-21,rt,Cost of Ukraine reconstruction revealed
2023-03-22,unknown,Ukrainian Patriot Air Defense Crew Finishes Training Ahead of Schedule
2023-03-24,unknown,Religious leaders gather in Jamaica Plain for prayer service for Ukraine
2023-03-25,unknown,"Ukraine's Avdiivka becoming 'post-apocalyptic', city shuts down -official"
2023-03-27,unknown,Ukraine Made Exactly One Oddball Kevlar-E Fighting Vehicle. It’s Been Fighting Around Kharkiv For A Year.
2023-03-29,unknown,U.S. says Russia seeks arms-for-food deal with North Korea
2023-03-30,unknown,Bucha residents light candles to mark recapture anniversary
2023-04-01,unknown,The children’s rights advocate accused of Russian war crimes
2023-04-02,unknown,"""Attempt To Drive Wedge Between Beijing, Moscow"": Russia Hits Out At West"
2023-04-04,unknown,"Russia Launches Thermobaric Rockets, Ukraine Flings A Line-Charge—And Bakhmut Explodes"
2023-04-06,unknown,Kiev Planning Provocation in Sumy Region to Accuse Russia of Using Poisonous Substances - Moscow
2023-04-07,al-jazeera-english,Ukraine children returned from Russia after alleged deportation
2023-04-09,unknown,"Russian jets, some flown by Wagner mercenaries, are making risky attacks to test Ukraine's defenses around Bakhmut"
2023-04-10,unknown,Ukraine Is Forming A Dozen New Brigades—And Giving Them Old Weaponry
2023-04-12,unknown,Ukrainian PM Says Starting Reconstruction in 2023 Is Critical
2023-04-13,unknown,"Russian Strike Kills 8, Injures 21 In Eastern Ukraine"
2023-04-15,unknown,War separates two best friends from Ukraine
2023-04-17,unknown,"Brazil's Lula condemns invasion of Ukraine, touts peace initiative"
2023-04-18,unknown,Did Russian Kinzhal Missile Take Out 'NATO Command Center' in Ukraine?
2023-04-20,google-news,US Military Officials in Germany Reaffirm Commitment to Ukraine | VOA News - Voice of America
2023-04-21,unknown,We Are Together: Russian Surgeon Saves Hundreds in Donbass
2023-04-23,unknown,Wagner Boss Yevgeny Prigozhin Tells Russian Mercenaries To Kill Every Ukrainian Soldier: 'Take No More Prisoners Of The War!'
2023-04-25,the-jerusalem-post,Russia says Poland seized money from Warsaw embassy's accounts
2023-04-26,unknown,"Group results 2022: Divestment of Russian operating companies, focus on business in Kazakhstan"
2023-04-28,unknown,Russia blames Ukraine drone attack for major Crimea fuel depot fire - Reuters
2023-04-29,unknown,Death Toll Rises As Ukraine Ramps Up Attacks On Russian Border Towns
2023-05-01,unknown,Zelensky Blasts U.S. Over Handling Of Ukraine Document Leaks—And Reportedly Claims He Learned About Breach From News
2023-05-03,abc-news-au,Putin's war is about to get even more brutal. Just ask the locals
2023-05-04,unknown,Russian Wagner Leader Threatens to Pull Out of Bakhmut: Ukraine War Live News - The New York Times
2023-05-06,unknown,"In Ukraine's forests, fighters race to prepare for next push"
2023-05-07,unknown,"Associated Press, New York Times win Pulitzers for Ukraine coverage"
2023-05-09,unknown,"Imagine Dragons video tells ""heartbreaking"" story from Ukraine front lines"
2023-05-10,unknown,U.S. Accuses South Africa of Shipping Arms to Russia
2023-05-12,cnn,Sweden wins Eurovision after emotional show in Britain that celebrated Ukraine | CNN
2023-05-14,unknown,The roadblocks to holding Putin and his high command accountable for war crimes in Ukraine
2023-05-15,unknown,"Putin, Zelenskyy agree to separately meet for 'an African leaders peace mission,' says South Africa president"
2023-05-17,unknown,"World leaders gather for G7 meetings, ready to pile fresh sanctions on Russia over Ukraine war"
2023-05-18,unknown,The collapse of Russian influence is widening
2023-05-20,unknown,Brutal Battle for Bakhmut Leaves Russia With an Uncertain Victory
2023-05-22,unknown,Biden Illegally Ships $3 Billion To Ukraine
2023-05-23,unknown,White House Probes Claims US-Made Gear Was Used in Russia Raid
2023-05-25,newsweek,Russia Tries to Blackmail WSJ With Veiled Threat About Evan Gershkovich
2023-05-26,unknown,'The time has come to take back what is ours': Ukraine signals counteroffensive is coming (Christine Fernando/USA Today)
2023-05-28,unknown,Platform created to help Ukrainian soldiers rebuild their sex life after injuries
2023-05-29,rt,At least one dead in Ukrainian attack on shelter for displaced in Russia (PHOTOS)
2023-05-31,google-news,"Ukraine Victory Will Help Japan, South Korea, Taiwan Against China - Bloomberg"
2023-06-02,google-news,Inspection finds too many Ukraine air-raid shelters not ready for sudden use - CBC.ca
2023-06-03,unknown,‘Everything changed’: The war arrives on Russians’ doorstep
2023-06-05,unknown,"Ukraine, Russia trade blame for destruction of Nova Kakhovka dam"
2023-06-06,breitbart-news,Local Official Hurls Molotov Cocktails at Russian Military Recruitment Center
2023-06-08,unknown,The Ukrainian Army Lost Bradley Fighting Vehicles And A Leopard 2 Tank Trying And Failing To Breach Russian Defenses In Southern Ukraine - Forbes
2023-06-10,unknown,Wagner Boss Rebukes Russia’s Attempt to Rein in Group
2023-06-11,unknown,"Monday, June 12. Russia’s War On Ukraine: News And Information From Ukraine"
2023-06-13,unknown,CIA Knew Ukraine Was Planning To Bomb Nord Stream Pipelines: Report
2023-06-14,unknown,Ukraine plays “Light Brigade” with British advice
2023-06-16,rt,‘Using nuclear war to save the world is like using a guillotine for a headache’: Russian experts respond to call for atomic strike
2023-06-18,unknown,Ukrainian artillerymen praise US howitzers outside Russian-held town
2023-06-19,unknown,Putin Talks Tough While Ukraine Makes Gains
2023-06-21,business-insider,The destruction of a major dam near Kherson could be a game-changer for Ukraine's special operators
2023-06-22,unknown,PUTIN FEARS COUP Russian tanks in Moscow ‘to secure Kremlin’ amid fears Wagner group is launching coup to overthrow Putin
2023-06-24,unknown,Sunday Talks – Anthony Blinken Spins a Tale of Woe for Vladimir Putin
2023-06-25,unknown,Why Is Belarus Helping Putin in Russia's War in Ukraine?
2023-06-27,unknown,Ukrainian forces advance 'slowly but surely' at front -official
2023-06-29,unknown,Ukraine’s top general urges more arms for offensive action
2023-06-30,unknown,‘There’s Something Wrong’: Trump Jabs Biden For Calling Ukraine ‘Iraq’ — Twice
2023-07-02,google-news,How a U.S.-supplied howitzer is supporting troops' advance in eastern Ukraine | ABC News - ABC News
2023-07-03,unknown,"Russia Planning ""Provocations"" At Nuclear Plant, Zelensky Tells Macron"
2023-07-05,unknown,Why the US is willing to send Ukraine cluster munitions now
2023-07-07,bbc-news,Ukraine’s commanders captured by Russia return home after Zelensky's visit to Turkey
2023-07-08,unknown,"Latin American Countries Reject EU’s Stance on Ukraine Help, Pushback Against Environmental Rules for Trade Deal – Demands for Reparations for Slavery Bring Discord Ahead of Summit"
2023-07-10,unknown,Zelenskiy Slams NATO for Soft Language on Membership
2023-07-11,unknown,"UN Offers Putin SWIFT Access in Exchange for Black Sea Grain Extension, Sources Say"
2023-07-13,newsweek,Video Shows Ukrainian Drone Take Out Russian Boat on Dnieper River
2023-07-14,unknown,Wagner Troops Reportedly Enter Belarus As Mercenary Group's Future Still Uncertain
2023-07-16,rt,Ukrainian defense minister wants law on foreign military bases changed
2023-07-18,unknown,Putin Accuses West of Undermining Black Sea Grain Deal
2023-07-19,business-insider,Russia's complex defenses are a brutal test for Ukrainian troops' close-quarters-combat skills
2023-07-21,google-news,Ukraine wants ships to keep exporting its grain despite Russian attacks - Economic Times
2023-07-22,unknown,"Russian missiles strike Odesa, killing one, wounding at least 22 and hitting historic cathedral - New York Post"
2023-07-24,unknown,US military aid for Ukraine for first time includes Black Hornet spy drone
2023-07-26,unknown,"Ukraine launches ‘main thrust’ of counteroffensive, punches through Russian defenses"
2023-07-27,unknown,"Ukraine war: Moscow foils drone strike, Kyiv claims frontline success, UK MoD email slip up - Euronews"
2023-07-29,unknown,It’s Possible Ukraine Aimed Its New Deep-Strike Rocket At A Russian Air Base
2023-07-30,google-news,Drones and discord: Ukraine's push to spread anxiety in Russia's ranks - The Independent
2023-08-01,unknown,Japan pledges more support to Ukraine during finance dialogue
2023-08-03,unknown,"Blasts in Crimea, pro-Russia officials report Ukraine drone attack"
2023-08-04,unknown,Ukraine drone strike damages Russian tanker day after port attack - New York Post
2023-08-06,unknown,Russian Soprano Sues The Metropolitan Opera Over Ukraine-Linked Termination
2023-08-07,unknown,Turbulent waters: How the Black Sea became a hot spot in the war
2023-08-09,unknown,Ukraine urges evacuations as Russia claims gains
2023-08-10,cbs-news,Evacuations underway in parts of Ukraine under assault from Russian missile attacks
2023-08-12,unknown,"Russian shelling kills seven, including a baby, in Ukraine's Kherson region - Reuters"
2023-08-14,unknown,Russia unleashes country-wide missile barrage on Ukraine as Putin addresses security conference
2023-08-15,unknown,Ukraine Recaptures Key Village as Brutal Counteroffensive Drags On
2023-08-17,unknown,Female spy ring working for Russia busted in Ukraine
2023-08-18,unknown,"Seven killed, 129 wounded in Russian missile strike on Ukraine's Chernihiv"
2023-08-20,unknown,"Greece offers F-16 training, reconstruction help as Zelenskyy visits"
2023-08-22,unknown,Ukrainian hackers take over Russian rail company
2023-08-23,unknown,Ukrainian Database Exposes the Art Collections of Russian Oligarchs
2023-08-25,unknown,Famous Ukrainian Pilot ‘Juice’ Dies In Mid-Air Collision
2023-08-26,the-jerusalem-post,"Faith in battle: 52,000 holiday kits for Ukraine's Jews amid war"
2023-08-28,nbc-news,Vivek Ramaswamy defends positions on Ukraine and Taiwan
2023-08-29,unknown,"Dozens of Russian and Ukrainian drones in the Donetsk region are flying criss-crossing flight paths and causing congestion, report claims"
2023-08-31,unknown,"Ukraine says improving long distance weapon capacity increases part of Russia within ""finding out range"" [Followup]"
2023-09-02,cbs-news,Zelenskyy announces new Ukrainian defense minister
2023-09-03,unknown,Russia: No New Grain Deal Until West Meets Demands
2023-09-05,unknown,A new Kharkiv School of Architecture student project delivers valuable design solutions for rebuilding schools in Ukraine
2023-09-06,unknown,"UK To Urge PM Modi To ""Call Out"" Russia Over Ukraine Crisis: Report"
2023-09-08,unknown,Press release: UK donation of hydrographic equipment keeps Ukrainian waters safe
2023-09-10,rt,Ukraine in NATO different to Finland and Sweden – Kremlin
2023-09-11,usa-today,Christie lashes out at Trump after Putin says his indictments show 'rottenness' in the US
2023-09-13,unknown,Zelenskyy is expected to visit Capitol Hill as Congress is debating $21 billion in aid for Ukraine
2023-09-14,al-jazeera-english,"Hungary, Poland, Slovakia to continue own bans on Ukraine grains"
2023-09-16,newsweek,Ukrainian Soldiers Embrace Flag in Recaptured Town Near Bakhmut
2023-09-18,unknown,"Iran President Accuses US Of ""Fanning Flames Of Violence"" In Ukraine"
2023-09-19,unknown,The Ukrainians Are Using Their MRAP Armored Trucks in Direct Assaults On Russian Positions
2023-09-21,cbc-news,Key moments from Zelenskyy's speech to Parliament
2023-09-22,abc-news-au,"Sergei Lavrov dismisses Ukraine's peace plan and rails against the West, as another missile attack hits Crimea"
2023-09-24,unknown,The First M-1 Tanks Are In Ukraine. Expect A Lot More Soon.
2023-09-25,fox-news,"Senate leaders reach short-term budget deal with $6B in Ukraine aid, setting up showdown House"
2023-09-27,unknown,Shutdown-ready Republicans shouldn’t buy into Vivek Ramaswamy’s insane Ukraine plan
2023-09-29,unknown,U.K. To Offer Military Training Inside Ukraine
2023-09-30,unknown,"Royal Family website crashes for 90 minutes, Russian hacker group KillNet takes credit"
2023-10-02,unknown,"Amid House Chaos, Pence Urges Republicans To Continue Ukraine Aid"
2023-10-03,cbs-news,"Biden to deliver ""major speech"" on Ukraine funding"
2023-10-05,unknown,Ukraine Suddenly Discovers Money to Manufacture Its Own Weapons as U.S. Funding Dries Up
2023-10-07,unknown,Putin Says Russia Did Not Start the War in Ukraine
2023-10-08,unknown,Zelensky Asks If This Is A Bad Time To Maybe Get A Couple More Billion
2023-10-10,business-insider,Russian failures in Ukraine are forcing Moscow to give up on one of the biggest Putin-era military reforms
2023-10-11,fox-news,IOC hits Russian Olympic Committee with indefinite suspension after absorbing Ukrainian sports councils
2023-10-13,rt,Ukraine is at ‘dead end’ – former Zelensky aide
2023-10-14,unknown,Ukrainian Soldiers Learn First Aid Near Front Line
2023-10-16,unknown,Putin meets with Hungary's prime minister in rare in-person talks with an EU leader
2023-10-18,unknown,Ukrainians brace for new Russian assault on Avdiivka
2023-10-19,unknown,Details of Biden's $105 Billion Funding Request for Israel and Ukraine - The New York Times
2023-10-21,unknown,"Donald Trump Allegedly Shared State Secrets About Iraq and Ukraine With Australian Billionaire Anthony Pratt, Leaked Recordings Reveal"
2023-10-22,unknown,THE UKRAINE SUPPLY LINE WAR: Logistics Rules the Battlefield The four-month-old Ukrainian offensi
2023-10-24,unknown,"Russia disregards losses, presses on in Ukraine's Avdiivka"
2023-10-26,fox-news,More than 50 countries to attend Ukraine peace talks in Malta: 'Critical moment'
2023-10-27,unknown,"Desperate for air defense, Ukraine pushes US for ‘Franken’ weapons"
2023-10-29,unknown,"After watching Russia's and Ukraine's electronic warriors battle it out, the US military wants to 'dial up' up its own 'jamming power'"
2023-10-30,cbs-news,"Blinken, Austin urge Congress to pass funding to support both Israel and Ukraine"
2023-11-01,unknown,"Jews and Ukrainians band together in Minnesota to link conflicts in Israel, Ukraine"
2023-11-02,unknown,"Ukraine replaces special forces commander, removed officer wonders why"
2023-11-04,unknown,"Zelenskyy Pushes US for More Aid, Invites Trump to Ukraine (For A Lecture)"
2023-11-06,unknown,"Ukraine Would ""Be In The European Union"": Zelensky"
2023-11-07,unknown,Speech: The UK calls for Russia to end its war of aggression as it continues to inflict suffering on Ukraine and across the globe: UK statement at the UN Security Council
2023-11-09,unknown,Moldova Faces EU Pressure To Levy More Sanctions Against Russia
2023-11-10,unknown,Russia targets Kyiv in first missile attack on capital in 52 days
2023-11-12,unknown,Self-deception may seed 'hubris balancing': Study examines irrational actions leading to invasion of Ukraine
2023-11-14,unknown,"Record Russian budget will boost defense spending, shoring up Putin's support ahead of election"
2023-11-15,unknown,U.K.'s New Top Diplomat Cameron Visits Ukrainian Port City of Odesa
2023-11-17,unknown,"Russian drone attack hits Ukraine infrastructure, causes power outage"
2023-11-18,unknown,Biden needs to get real on border security to pass aid for Ukraine and keep our nation safe
2023-11-20,unknown,"Electronic warfare confounds civilian pilots, far from any battlefield"
2023-11-22,unknown,Russia throwing 'waves' of men in battle for key frontline Ukrainian city
2023-11-23,unknown,Head of Zelensky’s Party: Ukraine Could Have Accepted Russia's Peace Plan
2023-11-25,unknown,Cisco aids Ukraine defense with modified switches to counter Russian attacks
2023-11-26,unknown,"Deadly storm cuts power to nearly two million in Russia, Ukraine"
2023-11-28,unknown,So Long And Thanks For All The Fish! Russia’s Naval-Defense Dolphins May Have Escaped.
2023-11-29,unknown,Russian TV hacked to broadcast Zelensky’s speech vowing to liberate Crimea
2023-12-01,unknown,"Zaporizhzhia Nuclear Plant Power Restored, Averting 'Catastrophe'"
2023-12-03,unknown,Hungary's Orban demands Ukraine's EU membership be taken off the agenda at bloc summit
2023-12-04,unknown,"New Zealand’s foreign policy resets on Aukus, Gaza and Ukraine: Geoffrey Miller"
2023-12-06,unknown,Ukraine is running out of men to fight
2023-12-07,rt,Russians better off despite sanctions – poll
2023-12-09,unknown,Nearly half US voters think Biden is spending too much on Ukraine aid
2023-12-11,unknown,Zelenskyy makes his case to Congress for more U.S. aid in Ukraine's fight against Russia
2023-12-12,unknown,How Ukraine Keeps Warm When Russia Bombs
2023-12-14,unknown,Ukraine has $52 billion EU aid package veoted by Hungary
2023-12-15,rt,Scholz takes credit for ‘unanimous’ EU Ukraine vote
2023-12-17,unknown,Russian Volunteers Joining Ukraine to Fight Russia
2023-12-18,unknown,"News Wrap: Senate deal on Ukraine aid, border security not expected before holiday break"
2023-12-20,unknown,Mass drone attack hits several Kyiv districts
2023-12-22,unknown,Putin suffered 'big strategic defeat' in Ukraine war: NATO leader
2023-12-23,unknown,‘Glory to the Heroes’ documents the resilience of those on Ukraine’s front lines
2023-12-25,unknown,"Stalled on land, Ukraine scores 'victory' against Russia in Black Sea"
2023-12-26,unknown,"Indian envoy meets with Putin, bypassing Western pressure"
2023-12-28,newsweek,Putin's Massive Aerial Attack Backfires
2023-12-30,unknown,Ghost Ships at reawakened North Korea port put Ukraine in peril
2023-12-31,unknown,"Russia launches record number of drones in Ukraine, as Putin says Moscow will intensify its attacks"
2024-01-02,unknown,Russia and Ukraine exchange hundreds of prisoners of war in biggest release so far
2024-01-03,the-times-of-india,India has not sent any artillery to Ukraine: MEA
2024-01-05,unknown,Ukraine shows evidence Russia fired North Korea missile at Kharkiv - Reuters UK
2024-01-07,unknown,"Kremlin sends FSB agents to search for Ukrainian partisans in Kherson Oblast, Kyiv says"
2024-01-08,rt,West ready to back Ukraine ‘for years’ – UK Foreign Secretary
2024-01-10,unknown,Russian election candidate calls Ukraine war 'big mistake' by Putin
2024-01-11,unknown,Zelensky Hails 'Unprecedented' $3BN+ Arms Deal With UK As US Supplies Have Stopped
2024-01-13,unknown,Swiss diplomat: China needs to help end war in Ukraine
2024-01-14,unknown,Ukraine says it shot down 2 Russian command and control aircraft in a significant blow to Moscow
2024-01-16,unknown,2024's Must Read War-Related Books: Ukraine and A Brief Moment in Time by Author Dr. Richard Hagedorn
2024-01-18,unknown,"Friday, January 19. Russia’s War On Ukraine: News And Information From Ukraine"
2024-01-19,abc-news-au,Putin is facing a potential 'avalanche of disasters' at home. The timing couldn't be worse
2024-01-21,unknown,Can Ukraine’s economy survive without foreign aid? Experts aren’t sure
2024-01-22,newsweek,Ukraine Reveals New Defense System in War With Russia
2024-01-24,unknown,Putin has another crisis on his hands
2024-01-26,unknown,Russian missiles hit industrial target in central Ukraine -governor
2024-01-27,unknown,"Amid War, Zelensky Declares His Income As Part Of Transparency Drive"
2024-01-29,rt,Zelensky issued firing threat to Ukraine’s top general – media
2024-01-30,unknown,"Zelenskyy may want a new commander to replace Ukraine's 'Iron General,' reports say amid signs of rifts in the relationship"
2024-02-01,unknown,Ukraine Informs Washington Of Decision To Fire Zaluzhniy
2024-02-02,unknown,Russia: Police detain journalists at Moscow anti-war protest
2024-02-04,unknown,"Amid reports of looming dismissal, top Ukrainian general flirts on Facebook with far-right paramilitary leader"
2024-02-06,unknown,"Senate Republicans block bipartisan border package, then scramble to find support for Ukraine aid"
2024-02-07,unknown,If Russia Wins
2024-02-09,unknown,Russia and Ukraine complete new prisoner of war swap
2024-02-10,unknown,"Massive Ukraine, Israel aid package overcomes key Senate hurdle as 18 Republicans vote with Democrats"
2024-02-12,breitbart-news,Senators Smuggle Migration Funds into Ukraine Aid Bill
2024-02-14,unknown,"Intense artillery fire is causing more problems for Ukraine than just ammo shortages and putting gun crews at risk, new report says"
2024-02-15,marca,President Biden pins death of Alexei Navalny on Vladimir Putin
2024-02-17,unknown,Beware of Big Bad Russian Space Nukes!
2024-02-18,unknown,3 Stranded Tankers with Russian Sokol Crude Heading for China
2024-02-20,unknown,Ukrainian soldiers expect more assaults after Russian forces capture eastern town
2024-02-22,unknown,Brooks and Capehart on U.S. aid for Ukraine wavering on partisan battle lines
2024-02-23,unknown,‘Blinded’: Every A-50 Radar Plane The Ukrainians Shoot Down Opens A Gap In Russian Radar Coverage—A Gap The Ukrainians Can Exploit
2024-02-25,unknown,'No joke': Ottawa to give Ukraine $4 million to fund gender-inclusive demining
2024-02-26,unknown,Nato allies reject Emmanuel Macron idea of troops to Ukraine - BBC.com
2024-02-28,unknown,German chancellor slammed for revealing British military role in Ukraine
2024-02-29,unknown,"In Ukraine Now, Echoes of Vietnam in 1975"
2024-03-02,unknown,Russian Forces Destroy Another US-Made Abrams Tank Near Avdeyevka With Upyr Drones
2024-03-04,unknown,EU plans to boost defense industry and move away from U.S. dependency in the face of Russian threats
2024-03-05,newsweek,Russian Official Killed by Car Bomb in Ukraine
2024-03-07,rt,Zelensky could fire foreign minister – Ukrainian media
2024-03-08,unknown,Pope Francis Urges Ukraine to Have ‘Courage of the White Flag’ in Peace Talks
2024-03-10,unknown,Scott Ritter: Pentagon’s ‘Ukrainian Fantasy’ Is Falling Apart
2024-03-12,rt,Ukrainian militants caught lying about incursion into Russia
2024-03-13,unknown,Why Confiscated Russian Assets Must Pay For Ukraine’s Reconstruction
2024-03-15,unknown,"Bombs pummel Russia, as Ukrainians forced to vote for Putin at gunpoint"
2024-03-16,unknown,Ukraine says Russia attacks border regions as partial results show Putin reelection
2024-03-18,the-washington-post,Deadlock on U.S. aid hangs over talks to secure support for Ukraine
2024-03-19,fox-news,US national security adviser Jake Sullivan visits Kyiv as stalemate in Washington holds up aid
2024-03-21,unknown,ISIS claims attack on Moscow concert hall after Ukraine blames Putin
2024-03-23,unknown,Russia concert hall attack suspects appear in Moscow courtroom
2024-03-24,unknown,How will Russian athletes be cleared to compete at Paris 2024?
2024-03-26,unknown,Traitor Brits fighting for PUTIN in Ukraine branded ‘an absolute disgrace’ amid calls for them to be jailed
2024-03-27,unknown,"'Ukrainians are like children, waiting for someone to save us. Israelis are more like adults, working together'"
2024-03-29,unknown,"Zelenskiy says without US aid, Ukraine forces will have to retreat (Reuters)"
2024-03-31,unknown,"Johnson outlines plan for Ukraine aid, House could act within weeks"
2024-04-01,unknown,Biden warns Xi Jinping about China's ongoing support for Russia amid Ukraine war
2024-04-03,unknown,German AfD politician rejects Russian payment claims
2024-04-04,unknown,"Ukraine’s ambassador to US: ‘We need to win,’ but need ammunition now"
2024-04-06,unknown,Zelensky Warns U.S. Congress: Meet Ukraine Military Aid Demands or Russia Wins
2024-04-08,unknown,Russia’s Anti-Drone ‘Turtle Tank’ Got Too Famous For Its Own Good. Ukraine’s Troops Tracked It Down—And Blew It Up.
2024-04-09,unknown,US military veteran accused of having explicit images of a child apparently joined Russian army
2024-04-11,unknown,US says China is supplying missile and drone engines to Russia - Financial Times
2024-04-12,unknown,Ukrainian Fighter Pilots Are Itching To Glide-Bomb Russian Troops. Ukraine’s New Ram II Drones Are Clearing The Way.
2024-04-14,unknown,"Go for it, Speaker Johnson: Israel and Ukraine need American aid NOW"
2024-04-15,unknown,Motion to oust House Speaker Mike Johnson gets co-sponsor over Ukraine aid
2024-04-17,unknown,Did Mike Johnson Just Get Religion on Ukraine?
2024-04-19,unknown,"US House passes $95 billion Ukraine, Israel aid package"
2024-04-20,unknown,NATO Chief Denies Plans for Allied Combat Presence in Ukraine
2024-04-22,unknown,"Next Ukraine Package 'Larger Than Normal' As Biden Tells Zelensky Aid Coming ""Quickly"""
2024-04-23,unknown,Now It's Up to Europe to Take the Lead in Ukraine
2024-04-25,unknown,"Secretary of Defense Lloyd J. Austin III and Air Force General Charles Q. Brown Jr., Chairman, Joint Chiefs of Staff, Hold A News Conference Following Virtual Meeting of the Ukraine Defense Contact Group"
2024-04-27,unknown,DC Think Tank: Ukraine Aid Package Opens Door to the Nation's Destruction
2024-04-28,unknown,U.S. Signals Long-Term Artillery Production Rise After 2 Years of Ukraine Support
2024-04-30,unknown,"Soaring US munitions demand strains support for Israel, Ukraine, Taiwan..."
2024-05-01,unknown,Statement by Russian Defence Ministry
2024-05-03,rt,Italy publicly scolds Macron over Ukraine intervention talk
2024-05-04,unknown,Ukraine and Russia mark Orthodox Easter under shadow of war - Euronews
2024-05-06,unknown,A new plot to assassinate Ukraine's president has come to light
2024-05-08,unknown,"Ukrainian gymnast carries Paris Olympic torch with EU team, in a sign of support"
2024-05-09,newsweek,"Russia Has Lost Over 4,400 Troops, 54 Tanks in Ukraine Since Sunday: Kyiv"
2024-05-11,unknown,Concern about Russia dominates as Lithuanians vote
2024-05-12,unknown,Ukraine's Kharkiv Front Commander Replaced
2024-05-14,cbs-news,Breaking down the latest in Ukraine's war against Russia
2024-05-16,newsweek,Russia May Push Buffer Zone Into NATO Nation: Putin Ally
2024-05-17,newsweek,Kharkiv War Maps Reveal Russian Advances Along Front Line
2024-05-19,unknown,War and popularity keep Zelensky in power despite term expiring
2024-05-20,unknown,S-500: Russia's New Air Defense That Could Win a War Against NATO?
2024-05-22,rt,Russia reacts to UK MPs applauding Ukrainian neo-Nazis
2024-05-24,unknown,Hungary’s Bid to ‘Redefine’ NATO Status Signals Refusal to March Lockstep Into War With Russia
2024-05-25,unknown,Benjamin Abelow Interview on the Ukraine War in the Italian Newspaper La Verità
2024-05-27,unknown,Why the Summer Could Be Disastrous for Ukraine
2024-05-28,unknown,Top Biden aides signal openness to letting Ukraine strike Russia with US weapons (Politico)
2024-05-30,business-insider,"Russia's creeping advance is costing it 1,200 soldiers a day: Western intel"
2024-05-31,unknown,Russia 'Heavily Overestimated' Ukraine Gains Amid Offensive Push: ISW
2024-06-02,business-insider,NATO is finally giving Ukraine a shot at repelling Russia's destructive glide-bomb attacks on a major city
2024-06-04,cbs-news,Ukraine war looms over Biden's D-Day trip to France
2024-06-05,abc-news,"US sending $225M in military aid to Ukraine, US officials say, including ammo Kyiv can use to strike over Russian border"
2024-06-07,unknown,"Energy drinks boost Ukraine’s soldiers, and its economy"
2024-06-08,cbs-news,Russia's war in Ukraine stokes tensions in Georgia | 60 Minutes
2024-06-10,unknown,EU Proposing Sanctions on Russia Shipping Giant Sovcomflot
2024-06-12,rt,Bomb Ukraine with sex toys – Russian MP
2024-06-13,business-insider,Drone dogfights in Ukraine's skies usher in a new chapter of aerial warfare
2024-06-15,unknown,"Forever War: Zelensky, Western Leaders Reject Putin Ceasefire Proposals at Swiss Peace Summit"
2024-06-16,unknown,Hundreds of Russian Troops Are Cut Off In A Vovchansk Chemical Plant As Ukrainian Glide Bombs Rain Down
2024-06-18,unknown,Kirby Tells Russia's Putin to 'Get the Hell Out of Ukraine'
2024-06-19,unknown,"Putin threatens to arm North Korea, escalating tension with West over Ukraine"
2024-06-21,unknown,Three dead in Kharkiv bombing as Russia hits Ukrainian energy facilities with more missiles
2024-06-23,the-times-of-india,EU slaps fresh curbs on Russia gas shipments
2024-06-24,unknown,Russia bans access to over 80 Western media outlets
2024-06-26,unknown,VICTOR DAVIS HANSON: Stop The Ukrainian Meat Grinder?
2024-06-27,unknown,North Korea Said It Will Send Troops to Ukraine 'Within a Month' To Fight Alongside Russia?
2024-06-29,the-times-of-india,UK government warns of Russian interference in general election
2024-07-01,the-times-of-india,Ukraine brings AI weapons to front lines
2024-07-02,the-american-conservative,Experts Warn Against Ukraine NATO Membership in Letter
2024-07-04,the-jerusalem-post,NATO allies at summit to unveil Ukraine 'bridge to membership'
2024-07-05,unknown,Ukraine recruits criminals in fight against Russia
2024-07-07,unknown,Putin meets Indian prime minister in Russia on his first visit since Moscow sent troops into Ukraine - The Associated Press
2024-07-09,unknown,Norway will donate F-16s to Ukraine this year
2024-07-10,unknown,Biden Introduced Zelensky as Putin
2024-07-12,abc-news-au,'Russia will use any means it can': Inside Putin's 'paranoid' spy network
2024-07-13,unknown,Treason and espionage cases are rising in Russia since the war in Ukraine began - NPR
2024-07-15,unknown,Europeans alarmed by Trump VP pick Vance's opposition to Ukraine aid
2024-07-16,unknown,Russia must not be allowed to operate with impunity: UK statement to the OSCE
2024-07-18,unknown,"Trump Says Spoke With Zelensky, Pledges To 'End The War'"
2024-07-20,unknown,Russia’s Nuclear-Armed Spacecraft Could Supercharge Space War 1
2024-07-21,unknown,"American B-52s brush off encounter with Russian jets, arrive as planned at Romania base"
2024-07-23,breitbart-news,The Trump Effect: Ukraine Says It Is 'Willing and Ready' for Dialogue with Russia
2024-07-24,unknown,A Trump Peace Plan for Ukraine
2024-07-26,unknown,Russia claims capture of another village in east Ukraine
2024-07-28,unknown,Germany shrugs off Putin comments on US missiles
2024-07-29,unknown,Russia To Allow Crypto Payments in International Trade To Counter Sanctions
2024-07-31,rt,Enemies of Russia aren’t welcome – Peskov
2024-08-01,al-jazeera-english,How did Russia and the West agree to a prisoner exchange?
2024-08-03,unknown,"Ukraine finally deploying F-16 fighter jets, says Zelenskiy (Anastasiia Malenko/Reuters)"
2024-08-04,unknown,U.S.-Made F-16 Fighter Jets Spotted Over Ukraine
2024-08-06,unknown,US Libertarian VP Nominee: Democratic Party is No Longer Peace Over War
2024-08-08,unknown,"Ukraine brings war to Russia in ‘massive’ drone strike on military, government targets - Fox News"
2024-08-09,abc-news-au,"Russia evacuates more than 76,000 people in Kursk region, Zelenskyy vows to 'restore justice'"
2024-08-11,rt,US Senator urges NATO pilots to fight for Ukraine
2024-08-12,unknown,Ukraine claims new advances in Russia incursion
2024-08-14,unknown,Ukraine soldier says Russian troops were caught so off-guard that they were ‘sitting in the forest drinking coffiee’: ‘Didn’t expect us’
2024-08-16,unknown,Ukrainian First Lady reveals toll ongoing war with Russia has on relationship with Volodymyr Zelenskyy
2024-08-17,newsweek,Putin Ally Claims Third of His Army Was Deployed to Ukraine's Border
2024-08-19,unknown,"Despite Frequent Attacks, Vacationers Flock To Beaches In Russian-Occupied Crimea"
2024-08-20,unknown,"Putin ally's machine-gun Cybertruck may look 'super cool,' but it's 'useless' on the battlefield, military expert says"
2024-08-22,unknown,U.S. sanctions 400 entities aiding Russia's war — including Chinese firms
2024-08-24,unknown,Ukraine deploys robot dogs vs. Russia
2024-08-25,financial-post,"Biden, Modi Discuss Ukraine After Indian Leader’s Visit to Kyiv"
2024-08-27,unknown,"If Ukraine’s Invasion Of Russia’s Kursk Oblast Was A Diversion, It Has Failed"
2024-08-28,unknown,‘More died than remained alive’: Kyiv honours fallen soldiers
2024-08-30,newsweek,Ukrainians Call for 'Ghost of Kyiv' Pilot To Get Country's Highest Honor
2024-08-31,unknown,The Ukrainian Front in Donbas is Collapsing...
2024-09-02,unknown,"As The Russians March On Pokrovsk, the Ukrainians Damage Or Destroy Nearly 200 Vehicles In One Day"
2024-09-04,techcrunch,US charges five Russian military hackers with targeting Ukraine's government with destructive malware | TechCrunch
2024-09-05,newsweek,Iran Denies Supplying Missiles to Russia for War in Ukraine
2024-09-07,unknown,How Did the Kiev Regime Really Lose Its US-made F-16?
2024-09-08,unknown,The Kursk Offensive Is No Game Changer for Ukraine
2024-09-10,unknown,Russian Su-30SM fighter jet crashes over Black Sea
2024-09-12,bbc-news,Starmer and Biden expected to discuss allowing Ukraine to use long-range weapons inside Russia
2024-09-13,unknown,Ukraine renews calls on the West to allow long-range strikes on Russian territory
2024-09-15,unknown,The Kursk Gamble: Ukraine's Bold Move and the Risk of Russian Retaliation
2024-09-16,unknown,Russia's Lavrov tells Red Cross of Ukrainian wartime rights violations
2024-09-18,rt,EU calling for nuclear war – Russia’s top MP
2024-09-19,rt,Suspects charged in murder of American in Donbass
2024-09-21,unknown,"Russia launches nighttime strike on apartment buildings in Ukrainian city, wounding 21"
2024-09-23,unknown,The Kursk Offensive Has Thrown Russia's Ukraine War Strategy Into Chaos
2024-09-24,newsweek,Exclusive: ICC Prosecutor Vows to Resist Pressure on Gaza and Ukraine Cases
2024-09-26,unknown,"Friday, September 27. Russia’s War On Ukraine: News And Information From Ukraine"
2024-09-27,the-times-of-india,Are the Chechens using Elon Musk owned Tesla Cybertruck in the war against Ukraine? Video surfaces
2024-09-29,unknown,"VDH: Our Ukrainian War Narrative - Paradoxes, Obsessions, & Disconnects"
2024-10-01,rt,Russian court freezes assets of JP Morgan and Bank of New York
2024-10-02,unknown,North Korean Shells Fuel Russia’s War—and Kim’s Ambitions
2024-10-04,unknown,Ukraine downs Russian warplane; Russia claims gains in the east
2024-10-05,unknown,Russian opposition activist killed fighting for Ukraine
2024-10-07,unknown,France’s Mirage-2000s Bound to Be Destroyed on Ground or in Ukraine’s Skies
2024-10-09,business-insider,"Russia's drive in one battlefront has cost it a staggering 1,800 combat vehicles"
2024-10-10,rt,Russian court orders arrest in absentia of CNN journalist
2024-10-12,unknown,Zelenskiy says North Koreans fighting with Russians in Ukraine
2024-10-13,rt,Ukraine’s accession into NATO would be ‘suicide’ – EU lawmaker
2024-10-15,rt,US announces new Ukraine aid package
2024-10-16,unknown,"Biden Farewell Visit To Berlin Focused On Ukraine, Mideast Wars"
2024-10-18,unknown,"Aaron Kaufman, Director of Ukraine War Documentary ‘Superpower,’ Dies at 51"
2024-10-20,unknown,US says 'dangerous' move for North Korea to send troops to Ukraine
2024-10-21,unknown,VOA interview: US Army General Costanza discusses Russia's threat to West
2024-10-23,unknown,'Freedom': Russian Anti-war Sisters Find New Home In Exile
2024-10-24,unknown,G7 Finalize $50 Bn Ukraine Loan Backed By Russian Assets Profits
2024-10-26,unknown,The First Truckloads Of North Korean Troops May Have Reached The Front Line In Kursk
2024-10-28,unknown,"Small number of North Korean troops are already inside Ukraine, officials say - CNN"
2024-10-29,unknown,"U.S., South Korea Concerned North Koreans May Soon Fight Against Ukrainians"
2024-10-31,al-jazeera-english,Russia strikes Kharkiv ‘police station’ as US boosts Ukraine’s military
2024-11-01,unknown,Russia says Ukraine is sabotaging prisoner of war exchanges
2024-11-03,rt,EU to shelve new Russia sanctions until 2025 – media
2024-11-04,unknown,New Jersey man admits shipping sanctions-busting tech to Russia
2024-11-06,rt,Trump says he’ll talk to Putin
2024-11-08,unknown,"Russia open to hearing Trump’s proposals for ending the war, an official says"
2024-11-09,unknown,Kremlin denies Trump and Putin call discussing Ukraine
2024-11-11,newsweek,Russia Issues Ominous Warning About Undersea Internet Cables...
2024-11-12,the-irish-times,The Irish Times view on Trump and Ukraine: Change of course is ahead
2024-11-14,unknown,"Germany's Scholz speaks with Putin, demands Russia withdraw from Ukraine"
2024-11-16,unknown,Biden Is Giving Ukraine More Firepower Before Trump Takes Over
2024-11-17,unknown,Kirov-Class Battlecruiser Might Be 'Sunk' Thanks to Ukraine War
2024-11-19,the-times-of-india,Russia threatens US nuclear war by Christmas? Here's what we know of threats and possible responses
2024-11-20,unknown,NATO Expert Reveals Fears 'Cornered Rat' Vladimir Putin Is on Verge of Unleashing Chemical Weapons As Losing to Ukraine is 'Dagger to Heart'
2024-11-22,unknown,Russia's War Economy Shows Signs of Strain
2024-11-24,unknown,U.K. Man Fighting for Ukraine Is Said to Be Captured in Russia - The New York Times
2024-11-25,rt,Ukraine could be pushed into negotiations ‘within months’ – WaPo
2024-11-27,unknown,Biden calls Russia's overnight attack on Ukraine 'outrageous'
2024-11-28,unknown,"NATO to 'Deploy 100,000 Peacekeepers' in Ukraine, Russia Claims"
2024-11-30,unknown,Men in Detention Face Sexual Torture Amid War in Ukraine
2024-12-01,unknown,U.S. To Send “Massive Surge” Of Weapons To Ukraine
2024-12-03,unknown,US Military Aid to Ukraine Exceeds A Massive $62 Billion Under the Joe Biden Administration. “Throwing Money Away” to the Detriment of the American People
2024-12-05,breitbart-news,"Russia's Lavrov Tells Tucker Country Not at War With U.S., But Will Use All Means to Defend Itself"
2024-12-06,unknown,Trump discusses war in Ukraine with Zelensky and Macron in Paris
2024-12-08,unknown,Zelenskyy seeks diplomatic end to Russia's war; floats role for foreign troops
2024-12-09,unknown,Missile Strike On Ukraine Clinic Kills At Least Four
2024-12-11,unknown,"US 'Constantly Tightening' Sanctions on Russia, Yellen Says"
2024-12-13,newsweek,Ukraine War Will Be 'Resolved' in Months: Trump Envoy
2024-12-14,unknown,Moscow criticizes German ambassador over Berlin's support for Ukraine
2024-12-16,unknown,"Ukraine’s Zelensky Slams Hungary’s Orbán’s Quest for Peace, Says He ‘Does Not Have Any Leverage’ on Putin, That Kiev Needs No ‘Intermediaries’ To Talk to Trump"
2024-12-17,unknown,Speech: DPRK must cease its support for Russia’s illegal war in Ukraine: UK statement at the UN Security Council
2024-12-19,unknown,IMF gives Ukraine $1.1B for budget support
2024-12-20,unknown,"German troops must be ‘fit’ for war if Putin attacks, Defense Minister Pistorius says"
2024-12-22,unknown,Russian Jets Fled Millerovo Air Base. Ukrainian Drones Came After The Ones Left Behind.
2024-12-24,fox-news,Zelenskyy lambastes Putin over Christmas strikes: 'What could be more inhumane?'
2024-12-25,unknown,Researchers Find New Ways to Support Children Impacted by War in Ukraine
2024-12-27,unknown,Zelensky: Russia must give info about plane crash
2024-12-28,cbs-news,A look ahead: Prospects for Russia's continued war on Ukraine in 2025
2024-12-30,unknown,"Opinion: Hold Ukraine accountable for corruption, misspent aid"
2025-01-01,unknown,Slovak PM Threatens to Cut Support for Ukrainians in Slovakia Over Gas Transit Dispute
2025-01-02,unknown,Ukraine’s Zelensky: Trump ‘Can be Decisive’ and ‘Capable of Stopping Putin’
2025-01-04,unknown,Ukraine renews offensive inside Russia - Financial Times
2025-01-05,business-insider,"Ukraine says 3,800 North Koreans have been killed or wounded so far in Kursk"
2025-01-07,rt,German couple confess to killing Ukrainian migrants for baby
2025-01-09,unknown,"US, UK Unveil Widespread Sanctions Against Russia's Energy Sector"
2025-01-10,unknown,How the US sanctioned itself in Ukraine
2025-01-12,unknown,From Gaza To Ukraine: What Biden Said In His Final Foreign Policy Speech
2025-01-13,unknown,North Korean soldier fighting for Russia blows himself up to avoid capture as ‘brainwashed’ troops told being captured is treason: Kyiv officials
2025-01-15,newsweek,Putin Ally Warns Russia Needs Land Crossing Through NATO Countries
2025-01-16,rt,German FM blasts own govt over Ukraine aid
2025-01-18,the-irish-times,Russia says has taken control of two more settlements in Ukraine’s Donetsk
2025-01-20,the-times-of-india,No confirmation of participation of Indians in Russian forces: Ukraine
2025-01-21,unknown,"Trump threatens Russia, others with tariffs if Ukraine deal not reached - Reuters"
2025-01-23,unknown,Trump — the new sheriff in town — has a vulnerable Russia panicking
2025-01-24,unknown,VOA Russian: Exiled Russian artists raise funds to help Ukraine
2025-01-26,unknown,North Korea's entry makes Ukraine war a global conflict: Estonia FM
2025-01-28,unknown,Ukraine and US diplomatic chiefs invited to next EU ministers meeting
2025-01-29,unknown,'The Region Will Die': Ukraine's Donbas Mines Within Russia's Grasp
2025-01-31,unknown,"GERMAN DEMISE: Unless Germany takes an additional credit of 12-15 billion Euros, due to Ukraine, the government will have to cut: - Pensions ... - Health spending (Olaf Scholz. Video at URL)"
2025-02-01,unknown,"Ukraine says U.S. push for truce, elections is 'failed plan' unless it consists of more"
2025-02-03,newsweek,Putin Ally's Death Was Result of Suspected Suicide Bombing: Reports
2025-02-04,unknown,Former Zelenskyy press secretary makes the case for ceasefire
2025-02-06,unknown,Ukraine's Western backers will meet for arms talks as doubts over U.S. intentions grow
2025-02-08,rt,Critical Ukrainians should be jailed for treason – ex-FM
2025-02-09,unknown,Zelensky To Meet JD Vance In Munich On Friday: Kyiv Presidency
2025-02-11,unknown,European powers demand seat at table in Ukraine talks
2025-02-12,the-irish-times,Ukrainians question Kremlin’s desire to end war as EU warns against ‘appeasement’
2025-02-14,the-times-of-india,"EAM, Ukraine minister hold talks on bid to end war"
2025-02-16,rt,UK and EU ‘incapable of negotiation’ – Moscow
2025-02-17,unknown,"US, Russian officials meet to discuss Ukraine war, bilateral relations"
2025-02-19,unknown,"Zelensky hails ‘good talk’ with Trump envoy, says Ukraine is ready for deal with security guarantees"
2025-02-20,unknown,"In reversal, Trump says Russia attacked Ukraine"
2025-02-22,unknown,トランプ「ゼレンスキーのせいで～」FOX司会者「それプーチンのせいですよね？」トランプ「…」
2025-02-24,unknown,"With Ukraine war aid reaching $280 billion, who’s really funding the most – the US or EU?"
2025-02-25,unknown,President Trump talks Ukraine and federal workforce cuts in cabinet meeting
2025-02-27,unknown,Zelensky Says No Peace Talks Without Security Guarantee
2025-02-28,the-jerusalem-post,Trump admin. seeks public apology from Zelensky to mend US-Ukraine ties
2025-03-02,unknown,Warmonger John Bolton Urges Sec. of State Rubio to Resign in Solidarity with Zelensky.
2025-03-03,unknown,Democrats Try To Use Colby Confirmation Hearing To Sabotage Trump’s Russia-Ukraine Negotiations
2025-03-05,unknown,General Assembly Debates Russian Federation’s Security Council Veto of European Amendments Seeking ‘Just’ Peace in Ukraine Based on United Nations Charter
2025-03-07,unknown,Pro-Ukranian protesters heckle Vance outside Cincinnati home
2025-03-08,unknown,Rubio and Musk turn on Polish foreign minister in spat over Starlink use in Ukraine: ‘Be quiet small man’
2025-03-10,unknown,Morning Bid: Another sea of red as tariffs trump ceasefire hopes
2025-03-11,rt,The battle for Kursk: How Russian soldiers crushed Ukrainian defenses in Sudzha
2025-03-13,rt,Ukrainian military contradicts Trump on Kursk Region ‘encirclement’
2025-03-15,unknown,"Russia, Ukraine Continue Air Attacks With Ceasefire Prospects Uncertain"
2025-03-16,rt,US could recognize Crimea as Russian – Semafor
2025-03-18,unknown,"Trump, Zelenskyy pledge in phone call to work for end to war in Ukraine"
2025-03-19,unknown,"Trump says US will sign Ukraine minerals deal soon, peace efforts going 'pretty well'"
2025-03-21,unknown,Russia’s RS-28 Sarmat Nuclear Missile Could Destroy the World
2025-03-22,unknown,"An interview with Helsing co-CEO Torsten Reil on delivering the defense tech company's AI-enabled strike drones to Ukraine, the herd mentality of VCs, and more (John Thornhill/Financial Times)"
2025-03-24,rt,Russia and US agree list of energy facilities for truce with Ukraine – Kremlin
2025-03-26,unknown,EU Leaders Fear Peace in Ukraine – French Army Veteran
2025-03-27,rt,Paranoia rebranded: The EU is desperate to sell its people more Ukraine war
2025-03-29,unknown,"Trump ‘running out of patience’ with Putin over Ukraine ceasefire, says Finnish president"
2025-03-30,unknown,Kremlin says it's working on Ukraine peace after Trump says he's ‘p***ed off’ with Putin
2025-04-01,unknown,Italy’s Meloni strains to hold her coalition together over Ukraine and EU rearmament
2025-04-03,unknown,Ukraine says Russian strike kills 16 in Kryvyi Rih; Moscow says was targeting military
2025-04-04,unknown,Zelenskyy meets European military leaders to plan for a peacekeeping force
2025-04-06,unknown,Pope Francis sending Cardinal Krajewski back to Ukraine to deliver 4 more ambulances
2025-04-07,unknown,"In 'Era of Savage Cuts’, UN Aid Chief Urges Security Council to Provide Security, Resources for Saving as Many Survivors Possible from Russian Airstrikes in Ukraine"
2025-04-09,unknown,"Cardinal Krajewski in Ukraine: ‘People are hungry, living in poverty in the war zone’"
2025-04-11,rt,Euro-Atlantic community gearing for war – Lavrov
2025-04-12,unknown,"Germany willing to send Taurus missiles to Ukraine, says Merz"
2025-04-14,rt,Russian MP threatens OSINT analysts with treason charges
2025-04-15,unknown,"Europe braces for long Ukraine war, despite Trump assurance on peace talks"
2025-04-17,unknown,Trump says US could walk away from Russia-Ukraine war deal - Politico
2025-04-18,unknown,How Russia recruits troops in occupied Ukrainian territories
2025-04-20,al-jazeera-english,"Trump live news: US president hails ‘good meetings’ on Iran, Ukraine"
2025-04-22,unknown,London talks end without Ukraine war peace deal as Zelensky says ‘emotions have run high’ over US bid to recognize Crimea as Russian
2025-04-23,unknown,Trump says Russia has made a 'pretty big concession' by not seizing all of Ukraine
2025-04-25,unknown,"Trump Administration Live Updates: President Meets With Zelensky, Says Putin Might Not Be Serious About Peace (Tim Balk/New York Times)"
2025-04-26,unknown,"Trump Live Updates: Latest News on Russia-Ukraine, Tariffs and More - The New York Times"
2025-04-28,unknown,"U.S. Backing Russia’s Takeover Of Crimea Could Imperil UN, World Order"
2025-04-30,unknown,Ros Atkins on... What's in the US-Ukraine resources deal?
2025-05-01,the-jerusalem-post,"US readies Russia sanctions over Ukraine, unclear if Trump will sign, sources say"
2025-05-03,unknown,"Trump suggests it may not be possible to broker peace in Ukraine, as Putin leaves open nuke option"
2025-05-04,rt,Romanian PM resigns after Ukraine critic’s win
2025-05-06,rt,Putin-proposed ceasefire enters force
2025-05-07,unknown,'Friends of steel': Xi and Putin pledge to stand together against U.S.
2025-05-09,unknown,Russia: Person injured in Ukrainian drone attack on Belgorod region
2025-05-11,unknown,"Trump says he could go to Turkey to join Russia, Ukraine - Reuters"
2025-05-12,rt,Moscow reacts to UN aviation agency’s MH17 vote
2025-05-14,the-jerusalem-post,Peace breakthrough unlikely as Putin declines to meet Zelensky in Turkey
2025-05-15,unknown,Pope Leo XIV offers to host Ukraine-Russia peace talks at the Vatican
2025-05-17,unknown,How Zelensky is holding up after three years of battle...
2025-05-19,unknown,Ukraine evacuates areas of Sumy ahead of expected Russian offensive
2025-05-20,unknown,Commentary: What to make of the restart in Russia-Ukraine ceasefire negotiations
2025-05-22,unknown,Imposing 500% tariffs on nations that trade with Russia will backfire
2025-05-23,unknown,Russia downs 95 Ukrainian drones over several regions
2025-05-25,unknown,Moscow slams Germany for talk over allowing Kiev long-range arms
2025-05-27,the-times-of-india,Thought U.S. and EU drones were superior? Russia unleashes drones that fly higher and faster — here's all about them
